<?xml version="1.0" encoding="UTF-8"?>
<!DOCTYPE mapper PUBLIC   "-//mybatis.org//DTD Mapper 3.0//EN"
   "http://mybatis.org/dtd/mybatis-3-mapper.dtd"
>
   
<mapper namespace="com.silver.resident.ResidentProgramGategoryDAO">
	<!-- 프로그램카테고리 리스트 -->
	<select id="list" resultType="procategory">
		select pc_idx,pc_cate from procategory;
	</select>
	<!-- 프로그램카테고리 상세보기 페이지이동 -->
	<select id="detailCall" resultType="procategory">
		select pc_idx,pc_cate from procategory where pc_idx=#{param1};
	</select>
	<!-- 프로그램카테고리 수정 -->
	<update id="CategoryUpdateComplete">
		update procategory set pc_cate=#{param2} where pc_idx=#{param1};
	</update>
	<!-- 프로그램카테고리 작성 -->
	<insert id="CategoryWriteComplete" parameterType="procategory">
		insert into procategory(pc_idx,pc_cate) values(#{pc_idx},#{pc_cate});
	</insert>

</mapper>